drug,smile
15,CC12CCC(=O)CC1CCC3C2CCC4(C3CCC4O)C
241,C1=CC=CC=C1
544,[O-][As]([O-])[O-]
702,CCO
712,C=O
784,OO
790,C1=NC2=C(N1)C(=O)N=CN2
896,CC(=O)NCCC1=CNC2=C1C=C(C=C2)OC
985,CCCCCCCCCCCCCCCC(=O)O
1110,C(CC(=O)O)C(=O)O
1130,CC1=C(SC=[N+]1CC2=CN=C(N=C2N)C)CCO
1175,C12=C(NC(=O)N1)NC(=O)NC2=O
1176,C(=O)(N)N
1832,CN(C)CCC1=CNC2=C1C=C(C=C2)OC
1983,CC(=O)NC1=CC=C(C=C1)O
2051,COC1=C(C=C2C(=C1)C(=NC=N2)NC3=CC(=CC=C3)Cl)OC
2187,CC(C)(C#N)C1=CC(=CC(=C1)CN2C=NC=N2)C(C)(C)C#N
2244,CC(=O)OC1=CC=CC=C1C(=O)O
2336,C1=CC=C2C3=C4C(=CC2=C1)C=CC5=C4C(=CC=C5)C=C3
2353,COC1=C(C2=C[N+]3=C(C=C2C=C1)C4=CC5=C(C=C4CC3)OCO5)OC
2375,CC(CS(=O)(=O)C1=CC=C(C=C1)F)(C(=O)NC2=CC(=C(C=C2)C#N)C(F)(F)F)O
2520,CC(C)C(CCCN(C)CCC1=CC(=C(C=C1)OC)OC)(C#N)C2=CC(=C(C=C2)OC)OC
2578,C(CCl)NC(=O)N(CCCl)N=O
2662,CC1=CC=C(C=C1)C2=CC(=NN2C3=CC=C(C=C3)S(=O)(=O)N)C(F)(F)F
2733,C1=CC2=C(C=C1Cl)NC(=O)O2
2767,[NH2-].[NH2-].Cl[Pt+2]Cl
2907,C1CNP(=O)(OC1)N(CCCl)CCCl
2995,CNCCCN1C2=CC=CC=C2CCC3=CC=CC=C31
3071,C1=CC=C2C(=C1)C(=CN2)CC3=CNC4=CC=CC=C43
3101,C1=CC=C2C(=C1)C3=CC=CC=C3[I+]2
3103,CN1CCC(CC1)OC(C2=CC=CC=C2)C3=CC=CC=C3
3117,CCN(CC)C(=S)SSC(=S)N(CC)CC
3121,CCCC(CCC)C(=O)O
3220,CC1=CC2=C(C(=C1)O)C(=O)C3=C(C2=O)C=C(C=C3O)O
3229,CCN1C=C(C(=O)C2=CC(=C(N=C21)N3CCNCC3)F)C(=O)O
3345,CCC(=O)N(C1CCN(CC1)CCC2=CC=CC=C2)C3=CC=CC=C3
3385,C1=C(C(=O)NC(=O)N1)F
3386,CNCCC(C1=CC=CC=C1)OC2=CC=C(C=C2)C(F)(F)F
3397,CC(C)C(=O)NC1=CC(=C(C=C1)[N+](=O)[O-])C(F)(F)F
3488,COC1=C(C=C(C=C1)Cl)C(=O)NCCC2=CC=C(C=C2)S(=O)(=O)NC(=O)NC3CCCCC3
3564,CC1=NCCC2=C1NC3=C2C=CC(=C3)OC
3652,CCN(CCCC(C)NC1=C2C=CC(=CC2=NC=C1)Cl)CCO
3657,C(=O)(N)NO
3690,C1CN(P(=O)(OC1)NCCCl)CCCl
3763,C(C(F)(F)F)(OC(F)F)Cl
3821,CNC1(CCCCC1=O)C2=CC=CC=C2Cl
3902,C1=CC(=CC=C1C#N)C(C2=CC=C(C=C2)C#N)N3C=NC=N3
3961,CCCCC1=NC(=C(N1CC2=CC=C(C=C2)C3=CC=CC=C3C4=NNN=N4)CO)Cl
4033,CN(CCCl)CCCl
4091,CN(C)C(=N)N=C(N)N
4095,CCC(=O)C(CC(C)N(C)C)(C1=CC=CC=C1)C2=CC=CC=C2
4158,COC(=O)C(C1CCCCN1)C2=CC=CC=C2
4212,C1=CC(=C2C(=C1NCCNCCO)C(=O)C3=C(C=CC(=C3C2=O)O)O)NCCNCCO
4624,C1=C(C(=CC(=C1O)O)O)CCN
4641,CCCCC1C(=O)N(N(C1=O)C2=CC=C(C=C2)O)C3=CC=CC=C3
4763,CCC1(C(=O)NC(=O)NC1=O)C2=CC=CC=C2
4891,C1CCC(CC1)C(=O)N2CC3C4=CC=CC=C4CCN3C(=O)C2
4943,CC(C)C1=C(C(=CC=C1)C(C)C)O
5035,C1CCN(CC1)CCOC2=CC=C(C=C2)C(=O)C3=C(SC4=C3C=CC(=C4)O)C5=CC=C(C=C5)O
5073,CC1=C(C(=O)N2CCCCC2=N1)CCN3CCC(CC3)C4=NOC5=C4C=CC(=C5)F
5291,CC1=C(C=C(C=C1)NC(=O)C2=CC=C(C=C2)CN3CCN(CC3)C)NC4=NC=CC(=N4)C5=CN=CC=C5
5311,C1=CC=C(C=C1)NC(=O)CCCCCCC(=O)NO
5361,CC1=C(C=C(C=C1)C(=O)NC2=C3C(=CC(=CC3=C(C=C2)S(=O)(=O)O)S(=O)(=O)O)S(=O)(=O)O)NC(=O)C4=CC(=CC=C4)NC(=O)NC5=CC=CC(=C5)C(=O)NC6=C(C=CC(=C6)C(=O)NC7=C8C(=CC(=CC8=C(C=C7)S(=O)(=O)O)S(=O)(=O)O)S(=O)(=O)O)C
5394,CN1C(=O)N2C=NC(=C2N=N1)C(=O)N
5538,CC1=C(C(CCC1)(C)C)C=CC(=CC=CC(=CC(=O)O)C)C
5743,C[C@@H]1C[C@H]2[C@@H]3CCC4=CC(=O)C=C[C@@]4([C@]3([C@H](C[C@@]2([C@]1(C(=O)CO)O)C)O)F)C
5746,CC1=C(C(=O)C2=C(C1=O)N3C[C@H]4[C@@H]([C@@]3([C@@H]2COC(=O)N)OC)N4)N
5755,C[C@]12C[C@@H]([C@H]3[C@H]([C@@H]1CC[C@@]2(C(=O)CO)O)CCC4=CC(=O)C=C[C@]34C)O
5757,C[C@]12CC[C@H]3[C@H]([C@@H]1CC[C@@H]2O)CCC4=C3C=CC(=C4)O
5789,CC1=CN(C(=O)NC1=O)[C@H]2C[C@@H]([C@H](O2)CO)O
5790,C1[C@@H]([C@H](O[C@H]1N2C=C(C(=O)NC2=O)F)CO)O
5793,C([C@@H]1[C@H]([C@@H]([C@H](C(O1)O)O)O)O)O
5816,CNC[C@@H](C1=CC(=C(C=C1)O)O)O
5865,C[C@]12CC(=O)[C@H]3[C@H]([C@@H]1CC[C@@]2(C(=O)CO)O)CCC4=CC(=O)C=C[C@]34C
5881,C[C@]12CC[C@H]3[C@H]([C@@H]1CCC2=O)CC=C4[C@@]3(CC[C@@H](C4)O)C
5950,C[C@@H](C(=O)O)N
5951,C([C@@H](C(=O)O)N)O
5959,C1=CC(=CC=C1[C@H]([C@@H](CO)NC(=O)C(Cl)Cl)O)[N+](=O)[O-]
5978,CC[C@@]1(C[C@@H]2C[C@@](C3=C(CCN(C2)C1)C4=CC=CC=C4N3)(C5=C(C=C6C(=C5)[C@]78CCN9[C@H]7[C@@](C=CC9)([C@H]([C@@]([C@@H]8N6C=O)(C(=O)OC)O)OC(=O)C)CC)OC)C(=O)OC)O
5994,CC(=O)[C@H]1CC[C@@H]2[C@@]1(CC[C@H]3[C@H]2CCC4=CC(=O)CC[C@]34C)C
5997,C[C@H](CCCC(C)C)[C@H]1CC[C@@H]2[C@@]1(CC[C@H]3[C@H]2CC=C4[C@@]3(CC[C@@H](C4)O)C)C
6013,C[C@]12CC[C@H]3[C@H]([C@@H]1CC[C@@H]2O)CCC4=CC(=O)CC[C@]34C
6037,C1=CC(=CC=C1C(=O)N[C@@H](CCC(=O)O)C(=O)O)NCC2=CN=C3C(=N2)C(=O)N=C(N3)N
6041,CNC[C@@H](C1=CC(=CC=C1)O)O
6057,C1=CC(=CC=C1C[C@@H](C(=O)O)N)O
6089,CN(C)CCC1=CNC2=CC=CC=C21
6106,CC(C)C[C@@H](C(=O)O)N
6115,C1=CC=C(C=C1)N
6167,CC(=O)N[C@H]1CCC2=CC(=C(C(=C2C3=CC=C(C(=O)C=C13)OC)OC)OC)OC
6253,C1=CN(C(=O)N=C1N)[C@H]2[C@H]([C@@H]([C@H](O2)CO)O)O
6279,C[C@H]1C[C@@H]2[C@H](CC[C@]3([C@H]2CC[C@@]3(C(=O)C)OC(=O)C)C)[C@@]4(C1=CC(=O)CC4)C
6468,C1CCC(CC1)(C2=CC=CC=C2)N3CCCCC3
6623,CC(C)(C1=CC=C(C=C1)O)C2=CC=C(C=C2)O
7222,C1=CC=C2C(=C1)N=CS2
8642,C1[C@@H]([C@H](O[C@H]1N2C=C(C(=O)NC2=O)F)COP(=O)(O)O)O
9064,C1[C@@H]([C@H](OC2=CC(=CC(=C21)O)O)C3=CC(=C(C=C3)O)O)O
9444,C1=NC(=NC(=O)N1[C@H]2[C@@H]([C@@H]([C@H](O2)CO)O)O)N
9700,CC1=CN(C(=O)NC1=O)[C@H]2C[C@@H]([C@H](O2)COP(=O)(O)O)O
10621,C[C@H]1[C@@H]([C@H]([C@H]([C@@H](O1)OC[C@@H]2[C@H]([C@@H]([C@H]([C@@H](O2)OC3=CC(=C4C(=O)C[C@H](OC4=C3)C5=CC(=C(C=C5)OC)O)O)O)O)O)O)O)O
10635,C[C@]12CCC(=O)C[C@@H]1CC[C@@H]3[C@@H]2CC[C@]4([C@H]3CC[C@@H]4O)C
10836,C[C@@H](CC1=CC=CC=C1)NC
10940,C[N+](C)(C)CC1COCO1
13089,C1=CC=C(C(=C1)C(C2=CC=C(C=C2)Cl)C(Cl)(Cl)Cl)Cl
13342,CC[C@@]1(C[C@H]2C[C@@](C3=C(CCN(C2)C1)C4=CC=CC=C4N3)(C5=C(C=C6C(=C5)[C@]78CCN9[C@H]7[C@@](C=CC9)([C@H]([C@@]([C@@H]8N6C)(C(=O)OC)O)OC(=O)C)CC)OC)C(=O)OC)O
14403,COC1=C2C3=C(C(=O)CC3)C(=O)OC2=C4C5C=COC5OC4=C1
14888,[O-2].[O-2].[O-2].[As+3].[As+3]
15625,C1=C2C(=CC(=C1Cl)Cl)OC3=CC(=C(C=C3O2)Cl)Cl
15939,C[N+]1=CC=C(C=C1)C2=CC=[N+](C=C2)C
21109,COC1=C(C(=C(C=C1)CN2CCNCC2)OC)OC
23973,[Cd]
24288,Cl[Co]Cl
24360,CC[C@@]1(C2=C(COC1=O)C(=O)N3CC4=CC5=CC=CC=C5N=C4C3=C2)O
24497,[O-]S(=O)(=O)[O-].[Ca+2]
24759,CC(=O)N[C@H]1[C@@H](O[C@@H]([C@H](C1O[C@H]2[C@@H]([C@H]([C@@H]([C@H](O2)C(=O)O)O[C@H]3[C@@H](C([C@@H]([C@H](O3)CO)O)O[C@H]4[C@@H]([C@H]([C@@H]([C@H](O4)C(=O)O)O)O)O)NC(=O)C)O)O)O)CO)O
28486,[Li+]
30323,C[C@H]1[C@H]([C@H](C[C@@H](O1)O[C@H]2C[C@@](CC3=C2C(=C4C(=C3O)C(=O)C5=C(C4=O)C(=CC=C5)OC)O)(C(=O)C)O)N)O
31101,CC(C)C[C@H]1C(=O)N2CCC[C@H]2[C@]3(N1C(=O)[C@](O3)(C(C)C)NC(=O)[C@H]4CN([C@@H]5CC6=C(NC7=CC=CC(=C67)C5=C4)Br)C)O
31401,C[C@H](CCC(=O)O)[C@H]1CC[C@@H]2[C@@]1(CC[C@H]3[C@H]2[C@H](C[C@H]4[C@@]3(CC[C@H](C4)O)C)O)C
31703,C[C@H]1[C@H]([C@H](C[C@@H](O1)O[C@H]2C[C@@](CC3=C2C(=C4C(=C3O)C(=O)C5=C(C4=O)C(=CC=C5)OC)O)(C(=O)CO)O)N)O
36314,CC1=C2[C@H](C(=O)[C@@]3([C@H](C[C@@H]4[C@]([C@H]3[C@@H]([C@@](C2(C)C)(C[C@@H]1OC(=O)[C@@H]([C@H](C5=CC=CC=C5)NC(=O)C6=CC=CC=C6)O)O)OC(=O)C7=CC=CC=C7)(CO4)OC(=O)C)O)C)OC(=O)C
36462,C[C@@H]1OC[C@@H]2[C@@H](O1)[C@@H]([C@H]([C@@H](O2)O[C@H]3[C@H]4COC(=O)[C@@H]4[C@@H](C5=CC6=C(C=C35)OCO6)C7=CC(=C(C(=C7)OC)O)OC)O)O
37542,C1=NC(=NN1[C@H]2[C@@H]([C@@H]([C@H](O2)CO)O)O)C(=O)N
38904,C1CC(C1)(C(=O)O)C(=O)O.N.N.[Pt]
41867,C[C@H]1[C@@H]([C@H](C[C@@H](O1)O[C@H]2C[C@@](CC3=C2C(=C4C(=C3O)C(=O)C5=C(C4=O)C(=CC=C5)OC)O)(C(=O)CO)O)N)O
42113,C(C(F)(F)F)(OC(F)F)F
42890,C[C@H]1[C@H]([C@H](C[C@@H](O1)O[C@H]2C[C@@](CC3=C2C(=C4C(=C3O)C(=O)C5=CC=CC=C5C4=O)O)(C(=O)C)O)N)O
43815,C1CNC[C@H]([C@@H]1C2=CC=C(C=C2)F)COC3=CC4=C(C=C3)OCO4
44259,C[C@@]12[C@@H]([C@@H](C[C@@H](O1)N3C4=CC=CC=C4C5=C6C(=C7C8=CC=CC=C8N2C7=C53)CNC6=O)NC)OC
47318,CC1=C(SSC1=S)C2=NC=CN=C2
47725,CC(C)CC(C(=O)NC(CCCN=C(N)N)C(=O)N1CCCC1C(=O)NNC(=O)N)NC(=O)C(COC(C)(C)C)NC(=O)C(CC2=CC=C(C=C2)O)NC(=O)C(CO)NC(=O)C(CC3=CNC4=CC=CC=C43)NC(=O)C(CC5=CN=CN5)NC(=O)C6CCC(=O)N6
53232,CC[C@H](C)C(=O)O[C@H]1C[C@H](C=C2[C@H]1[C@H]([C@H](C=C2)C)CC[C@@H]3C[C@H](CC(=O)O3)O)C
54454,CCC(C)(C)C(=O)O[C@H]1C[C@H](C=C2[C@H]1[C@H]([C@H](C=C2)C)CC[C@@H]3C[C@H](CC(=O)O3)O)C
60198,C[C@]12CC[C@H]3[C@H]([C@@H]1CCC2=O)CC(=C)C4=CC(=O)C=C[C@]34C
60606,COC(=O)[C@H](C1=CC=CC=C1Cl)N2CCC3=C(C2)C=CS3
60700,CC[C@@]1(C2=C(COC1=O)C(=O)N3CC4=CC5=C(C=CC(=C5CN(C)C)O)N=C4C3=C2)O
60750,C1=CN(C(=O)N=C1N)[C@H]2C([C@@H]([C@H](O2)CO)O)(F)F
60780,CCC1=CC2C[C@@](C3=C(CN(C2)C1)C4=CC=CC=C4N3)(C5=C(C=C6C(=C5)[C@]78CCN9[C@H]7[C@@](C=CC9)([C@H]([C@@]([C@@H]8N6C)(C(=O)OC)O)OC(=O)C)CC)OC)C(=O)OC
60823,CC(C)C1=C(C(=C(N1CC[C@H](C[C@H](CC(=O)O)O)O)C2=CC=C(C=C2)F)C3=CC=CC=C3)C(=O)NC4=CC=CC=C4
60838,CCC1=C2CN3C(=CC4=C(C3=O)COC(=O)[C@@]4(CC)O)C2=NC5=C1C=C(C=C5)OC(=O)N6CCC(CC6)N7CCCCC7
60852,CCCCCN(C)CCC(O)(P(=O)(O)O)P(=O)(O)O
60953,CCCCCOC(=O)NC1=NC(=O)N(C=C1F)[C@H]2[C@@H]([C@@H]([C@H](O2)C)O)O
64971,CC(=C)[C@@H]1CC[C@]2([C@H]1[C@H]3CC[C@@H]4[C@]5(CC[C@@H](C([C@@H]5CC[C@]4([C@@]3(CC2)C)C)(C)C)O)C)C(=O)O
65015,C1CNCCNCCCN(CCNC1)CC2=CC=C(C=C2)CN3CCCNCCNCCCNCC3
65064,C1[C@H]([C@H](OC2=CC(=CC(=C21)O)O)C3=CC(=C(C(=C3)O)O)O)OC(=O)C4=CC(=C(C(=C4)O)O)O
65110,C1=NC(=C(N1[C@H]2[C@@H]([C@@H]([C@H](O2)COP(=O)(O)O)O)O)N)C(=O)N
65348,C[C@H]1[C@@H]([C@H](C[C@@H](O1)O[C@H]2C[C@@](CC3=C2C(=C4C(=C3O)C(=O)C5=C(C4=O)C(=CC=C5)OC)O)(C(=O)CO)O)N)O.Cl
72301,COC1=C(C2=C(C[C@H]3C4=CC(=C(C=C4CCN3C2)OC)OC)C=C1)OC
72304,C1=CC=C(C=C1)C2=COC3=CC=CC=C3C2=O
73581,CC(C)(C)[C@@]1(C[C@H]2[C@@]3([C@]14[C@H](C(=O)O[C@H]4OC3=O)O)CC(=O)O2)O
77999,CN(CCOC1=CC=C(C=C1)CC2C(=O)NC(=O)S2)C3=CC=CC=N3
89594,CN1CCC[C@H]1C2=CN=CC=C2
91466,C1C[C@@H]2[C@H]3CCCN4[C@H]3[C@@H](CCC4)CN2C(=O)C1
97226,CC[C@@]1(C2=C(COC1=O)C(=O)N3CC4=C(C3=C2)N=C5C=CC(=CC5=C4)O)O
104741,C[C@]12CC[C@H]3[C@H]([C@@H]1CC[C@@H]2O)[C@@H](CC4=C3C=CC(=C4)O)CCCCCCCCCS(=O)CCCC(C(F)(F)F)(F)F
104746,C1COP(=O)(NC1SCCS(=O)(=O)O)N(CCCl)CCCl
104842,CCC1=C2CN3C(=CC4=C(C3=O)COC(=O)[C@@]4(CC)O)C2=NC5=C1C=C(C=C5)O
107985,CC(C)[C@@]12[C@@H](O1)[C@H]3[C@@]4(O3)[C@]5(CCC6=C([C@@H]5C[C@H]7[C@]4([C@@H]2O)O7)COC6=O)C
108065,COC1=C(C=C(C=C1O)C2[C@@H](CC3=C(O2)C(=C(C=C3O)O)[C@@H]4[C@H]([C@H](OC5=CC(=CC(=C45)O)O)C6=CC=C(C=C6)O)O)O)O
114900,CC1=CC(=CC2=C1OC3=C2C(=CC(=C3)Cl)Cl)Cl
119104,CC(=O)OC1=CC=C(C=C1)[C@H](C=C)OC(=O)C
119307,CC(=CCC[C@@](C)([C@H]1CC[C@@]2([C@@H]1[C@@H](C[C@H]3[C@]2(CC[C@@H]4[C@@]3(CC[C@@H](C4(C)C)O[C@H]5[C@@H]([C@H]([C@@H]([C@H](O5)CO)O)O)O)C)C)O)C)O)C
122634,CCCCCCCCCCCCCC(=O)O[C@@H]1[C@H]([C@]2([C@@H](C=C(C[C@@]3([C@H]2C=C(C3=O)C)O)CO)[C@H]4[C@@]1(C4(C)C)OC(=O)C)O)C
122724,CC1=C(C(=O)C=C2C1=CC=C3[C@]2(CC[C@@]4([C@@]3(CC[C@@]5([C@H]4C[C@](CC5)(C)C(=O)O)C)C)C)C)O
123596,CC1=C(C=C(C=C1)NC(=O)C2=CC=C(C=C2)CN3CCN(CC3)C)NC4=NC=CC(=N4)C5=CN=CC=C5.CS(=O)(=O)O
123631,COC1=C(C=C2C(=C1)N=CN=C2NC3=CC(=C(C=C3)F)Cl)OCCCN4CCOCC4
123865,C[C@H]([C@@H]1[C@H]([C@@H]([C@H]([C@H](O1)O[C@@H]2[C@H](C[C@H]([C@@H]([C@H]2O)O[C@@H]3[C@@H]([C@H]([C@@](CO3)(C)O)NC)O)N)N)N)O)O)O
124886,C(CC(=O)N[C@@H](CS)C(=O)NCC(=O)O)[C@@H](C(=O)O)N
126941,CN(CC1=CN=C2C(=N1)C(=NC(=N2)N)N)C3=CC=C(C=C3)C(=O)N[C@@H](CCC(=O)O)C(=O)O
141643,C1=CN=C(N=C1)F
145858,C1=CC=C(C=C1)C2=[O+]C3=CC=CC=C3C=C2
148124,CC1=C2[C@H](C(=O)[C@@]3([C@H](C[C@@H]4[C@]([C@H]3[C@@H]([C@@](C2(C)C)(C[C@@H]1OC(=O)[C@@H]([C@H](C5=CC=CC=C5)NC(=O)OC(C)(C)C)O)O)OC(=O)C6=CC=CC=C6)(CO4)OC(=O)C)O)C)O
156413,C=CC(=O)NC1=C(C=C2C(=C1)C(=NC=N2)NC3=CC(=C(C=C3)F)Cl)OCCCN4CCOCC4.Cl.Cl
162282,C(CCN)C[CH+]C(=O)[NH-]
164676,CC1=COC2=C1C(=O)C(=O)C3=C2C=CC4=C3CCCC4(C)C
171548,C1[C@H]2[C@@H]([C@@H](S1)CCCCC(=O)O)NC(=O)N2
176870,COCCOC1=C(C=C2C(=C1)C(=NC=N2)NC3=CC=CC(=C3)C#C)OCCOC
208908,CS(=O)(=O)CCNCC1=CC=C(O1)C2=CC3=C(C=C2)N=CN=C3NC4=CC(=C(C=C4)OCC5=CC(=CC=C5)F)Cl
216239,CNC(=O)C1=NC=CC(=C1)OC2=CC=C(C=C2)NC(=O)NC3=CC(=C(C=C3)Cl)C(F)(F)F
216326,C1CC(=O)NC(=O)C1N2CC3=C(C2=O)C=CC=C3N
216345,CC(C)OC1=C(C=CC(=C1)OC)C2=NC(C(N2C(=O)N3CCNC(=O)C3)C4=CC=C(C=C4)Cl)C5=CC=C(C=C5)Cl
229455,C[C@]12CC[C@H]3[C@H]([C@@H]1CC[C@@H]2OC(=O)CCC4=CC=CC=C4)CCC5=CC(=O)CC[C@H]35
253602,CC(=O)O[C@@H]1[C@H](CN[C@@H]1CC2=CC=C(C=C2)OC)O
261000,C[C@@]1(CC[C@@H]2[C@@]1(C=CC3=C4CCC(=O)C=C4CC[C@@H]23)C)O
261004,O=[As]O[As]=O
285033,CC(C)(CCC[C@@](CC(=O)OC)(C(=O)O[C@H]1[C@H]2C3=CC4=C(C=C3CCN5[C@@]2(CCC5)C=C1OC)OCO4)O)O
387447,B([C@H](CC(C)C)NC(=O)[C@H](CC1=CC=CC=C1)NC(=O)C2=NC=CN=C2)(O)O
439260,C1=CC(=C(C=C1[C@H](CN)O)O)O
439530,CN(C)C1=NC=NC2=C1N=CN2[C@H]3[C@@H]([C@@H]([C@H](O3)CO)NC(=O)[C@H](CC4=CC=C(C=C4)OC)N)O
442428,C[C@H]1[C@@H]([C@H]([C@H]([C@@H](O1)O[C@@H]2[C@H]([C@@H]([C@H](O[C@H]2OC3=CC(=C4C(=O)C[C@H](OC4=C3)C5=CC=C(C=C5)O)O)CO)O)O)O)O)O
442793,CCCCC[C@@H](CC(=O)CCC1=CC(=C(C=C1)O)OC)O
442972,C[C@H]1C[C@@H]2[C@H]([C@H]([C@]3(O2)CC[C@H]4[C@@H]5CC=C6C[C@H](CC[C@@]6([C@H]5CC4=C3C)C)O)C)NC1
444732,C[C@H](/C=C(\\C)/C=C/C(=O)NO)C(=O)C1=CC=C(C=C1)N(C)C
444795,CC1=C(C(CCC1)(C)C)/C=C/C(=C/C=C/C(=C/C(=O)O)/C)/C
445154,C1=CC(=CC=C1/C=C/C2=CC(=CC(=C2)O)O)O
445434,C[C@H]1[C@@H](NC(=O)[C@@H](NC(=O)[C@H]([C@@H](NC(=O)[C@@H](NC(=O)[C@H](NC(=O)C(=C)N(C(=O)CC[C@@H](NC1=O)C(=O)O)C)C)CC(C)C)C(=O)O)C)CCCN=C(N)N)/C=C/C(=C/[C@H](C)[C@H](CC2=CC=CC=C2)OC)/C
445580,CC/C=C\\C/C=C\\C/C=C\\C/C=C\\C/C=C\\C/C=C\\CCC(=O)O
445639,CCCCCCCC/C=C\\CCCCCCCC(=O)O
445858,COC1=C(C=CC(=C1)/C=C/C(=O)O)O
446220,CN1[C@H]2CC[C@@H]1[C@H]([C@H](C2)OC(=O)C3=CC=CC=C3)C(=O)OC
448013,C[C@H]1CCC[C@@]2([C@@H](O2)C[C@H](OC(=O)C[C@@H](C(C(=O)[C@@H]([C@H]1O)C)(C)C)O)/C(=C/C3=CSC(=N3)C)/C)C
448537,CC/C(=C(/CC)\\C1=CC=C(C=C1)O)/C2=CC=C(C=C2)O
449171,CC1=C(C(CCC1)(C)C)/C=C/C(=C\\C=C\\C(=C\\C(=O)O)\\C)/C
451668,C1[C@@H]([C@H](O[C@H]1N2C=NC(=NC2=O)N)CO)O
452548,COC1=CC(=CC(=C1O)OC)[C@H]2[C@@H]3[C@H](COC3=O)[C@@H](C4=CC5=C(C=C24)OCO5)O[C@H]6[C@@H]([C@H]([C@H]7[C@H](O6)CO[C@H](O7)C8=CC=CS8)O)O
455658,CC1=C(C2=CC3=C(C(=C([N-]3)C=C4C(=C(C(=N4)C=C5C(=C(C(=N5)C=C1[N-]2)C)C=C)C)C=C)C)CCC(=O)O)CCC(=O)O.[Cl-].[Fe+3]
460612,C1=CC(=CC=C1C[C@@H](C(=O)O)N)N(CCCl)CCCl
462382,CC(C)C[C@@H](C=O)NC(=O)[C@H](CC(C)C)NC(=O)[C@H](CC(C)C)NC(=O)OCC1=CC=CC=C1
636397,C[C@H]1[C@H]([C@H](C[C@@H](O1)O[C@H]2C[C@@](CC3=C2C(=C4C(=C3O)C(=O)C5=C(C4=O)C(=CC=C5)OC)O)(C(=O)CO)O)N)O[C@H]6CCCCO6
638278,C1=CC(=CC=C1/C=C/C(=O)C2=C(C=C(C=C2)O)O)O
644241,CC1=C(C=C(C=C1)C(=O)NC2=CC(=CC(=C2)C(F)(F)F)N3C=C(N=C3)C)NC4=NC=CC(=N4)C5=CN=CC=C5
657237,C1=NC2=C(N=C(N=C2N1[C@H]3[C@H]([C@@H]([C@H](O3)CO)O)O)F)N
667639,C1=CC(=C(C=C1/C=C/C2=CC(=CC(=C2)O)O)O)O
689043,C1=CC(=C(C=C1/C=C/C(=O)O)O)O
969516,COC1=C(C=CC(=C1)/C=C/C(=O)CC(=O)/C=C/C2=CC(=C(C=C2)O)OC)O
1548943,CC(C)/C=C/CCCCC(=O)NCC1=CC(=C(C=C1)O)OC
2723601,C1=NC2=C(N1)C(=S)N=C(N2)N
2733526,CC/C(=C(\\C1=CC=CC=C1)/C2=CC=C(C=C2)OCCN(C)C)/C3=CC=CC=C3
3006531,C1=CC=C(C(=C1)N)S/C(=C(/C(=C(/SC2=CC=CC=C2N)\\N)/C#N)\\C#N)/N
3028194,[Li]
3062316,CC1=C(C(=CC=C1)Cl)NC(=O)C2=CN=C(S2)NC3=CC(=NC(=N3)C)N4CCN(CC4)CCO
5222465,CCCC(=O)[O-].[Na+]
5280343,C1=CC(=C(C=C1C2=C(C(=O)C3=C(C=C(C=C3O2)O)O)O)O)O
5280360,CCCCC[C@@H](/C=C/[C@H]1[C@@H](CC(=O)[C@@H]1C/C=C\\CCCC(=O)O)O)O
5280427,CCCCC[C@@H](/C=C/[C@H]1[C@@H](C[C@H]2[C@@H]1CC(=CCCCC(=O)O)O2)O)O
5280448,COC1=C(C=C(C=C1)C2=COC3=C(C2=O)C=CC(=C3)O)O
5280453,C[C@H](CCCC(C)(C)O)[C@H]1CC[C@@H]\\2[C@@]1(CCC/C2=C\\C=C/3\\C[C@H](C[C@@H](C3=C)O)O)C
5280795,C[C@H](CCCC(C)C)[C@H]1CC[C@@H]\\2[C@@]1(CCC/C2=C\\C=C/3\\C[C@H](CCC3=C)O)C
5280961,C1=CC(=CC=C1C2=COC3=CC(=CC(=C3C2=O)O)O)O
5281708,C1=CC(=CC=C1C2=COC3=C(C2=O)C=CC(=C3)O)O
5282350,CC1=CC(=CC2=C1O[C@](CC2)(C)CC/C=C(\\C)/CC/C=C(\\C)/CCC=C(C)C)O
5283344,CCCCCC(/C=C/C=O)O
5284373,CC[C@H]1C(=O)N(CC(=O)N([C@H](C(=O)N[C@H](C(=O)N([C@H](C(=O)N[C@H](C(=O)N[C@@H](C(=O)N([C@H](C(=O)N([C@H](C(=O)N([C@H](C(=O)N([C@H](C(=O)N1)[C@@H]([C@H](C)C/C=C/C)O)C)C(C)C)C)CC(C)C)C)CC(C)C)C)C)C)CC(C)C)C)C(C)C)CC(C)C)C)C
5284616,C[C@@H]1CC[C@H]2C[C@@H](/C(=C/C=C/C=C/[C@H](C[C@H](C(=O)[C@@H]([C@@H](/C(=C/[C@H](C(=O)C[C@H](OC(=O)[C@@H]3CCCCN3C(=O)C(=O)[C@@]1(O2)O)[C@H](C)C[C@@H]4CC[C@H]([C@@H](C4)OC)O)C)/C)O)OC)C)C)/C)OC
5288209,CC1=C(C(CCC1)(C)C)/C=C/C(=C/C=C/C(=C/C(=O)NC2=CC=C(C=C2)O)/C)/C
5288826,CN1CC[C@]23[C@@H]4[C@H]1CC5=C2C(=C(C=C5)O)O[C@H]3[C@H](C=C4)O
5310940,C1CC[C@H]([C@@H](C1)N)N.C(=O)(C(=O)O)O.[Pt]
5318517,C[C@@]12CC[C@H]([C@@]([C@H]1CCC(=C)[C@H]2C/C=C/3\\[C@@H](COC3=O)O)(C)CO)O
5329102,CCN(CC)CCNC(=O)C1=C(NC(=C1C)/C=C\\2/C3=C(C=CC(=C3)F)NC2=O)C
5352624,CC\\1=C(C2=C(/C1=C\\C3=CC=C(C=C3)SC)C=CC(=C2)F)CC(=O)O
5360373,CC1=C(N=C(N=C1N)[C@H](CC(=O)N)NC[C@@H](C(=O)N)N)C(=O)N[C@@H]([C@H](C2=CN=CN2)OC3C(C(C(C(O3)CO)O)O)OC4C(C(C(C(O4)CO)O)OC(=O)N)O)C(=O)N[C@H](C)[C@H]([C@H](C)C(=O)N[C@@H]([C@@H](C)O)C(=O)NCCC5=NC(=CS5)C6=NC(=CS6)C(=O)NCCC[S+](C)C)O
5460341,[Ca]
5462222,[K]
6442177,C[C@@H]1CC[C@H]2C[C@@H](/C(=C/C=C/C=C/[C@H](C[C@H](C(=O)[C@@H]([C@@H](/C(=C/[C@H](C(=O)C[C@H](OC(=O)[C@@H]3CCCCN3C(=O)C(=O)[C@@]1(O2)O)[C@H](C)C[C@@H]4CC[C@H]([C@@H](C4)OC)OCCO)C)/C)O)OC)C)C)/C)OC
6505803,C[C@H]1C[C@@H]([C@@H]([C@H](/C=C(/[C@@H]([C@H](/C=C\\C=C(\\C(=O)NC2=CC(=O)C(=C(C1)C2=O)NCC=C)/C)OC)OC(=O)N)\\C)C)O)OC
6857599,C1CC[C@H]([C@@H](C1)N)N.C(=O)(C(=O)O)O.[Pt+2]
9547215,C[C@]12CC[C@@H](C[C@H]1CC[C@@H]3[C@@H]2CC[C@]4([C@@]3(CC[C@@H]4C5=COC(=O)C=C5)O)C)O
9576410,CN(/C(=N/N=O)/N)[N+](=O)[O-]
9804992,CCN(CC)CC1=CC2=C(C=C1)C=C(C=C2)COC(=O)NC3=CC=C(C=C3)C(=O)NO
9826528,C1=CC(=C(C=C1I)F)NC2=C(C=CC(=C2F)F)C(=O)NOC[C@@H](CO)O
9915743,CCOC1=C(C=C2C(=C1)N=CC(=C2NC3=CC(=C(C=C3)OCC4=CC=CC=N4)Cl)C#N)NC(=O)/C=C/CN(C)C
9931953,CNCC1=CC=C(C=C1)C2=C3CCNC(=O)C4=C3C(=CC(=C4)F)N2.OP(=O)(O)O
9949648,C[C@@H](C1=CC(=CC=C1)N2CCOCC2)NC(=O)/C=C/C3=CC=CC=C3
10184653,CN(C)C/C=C/C(=O)NC1=C(C=C2C(=C1)C(=NC=N2)NC3=CC(=C(C=C3)F)Cl)O[C@H]4CCOC4
11226684,CC[C@H](C)[C@@H](C(=O)N[C@@H]([C@@H](C)O)C(=O)N[C@@H](CC(C)C)C(=O)[C@]1(CO1)C)NC(=O)[C@H]([C@@H](C)CC)N(C)C(=O)C
11228183,CN(C)CC[C@H](CSC1=CC=CC=C1)NC2=C(C=C(C=C2)S(=O)(=O)NC(=O)C3=CC=C(C=C3)N4CCN(CC4)CC5=CC=CC=C5C6=CC=C(C=C6)Cl)[N+](=O)[O-]
11556711,CC(C)C[C@@H](C(=O)[C@]1(CO1)C)NC(=O)[C@H](CC2=CC=CC=C2)NC(=O)[C@H](CC(C)C)NC(=O)[C@H](CCC3=CC=CC=C3)NC(=O)CN4CCOCC4
11626560,C[C@H](C1=C(C=CC(=C1Cl)F)Cl)OC2=C(N=CC(=C2)C3=CN(N=C3)C4CCNCC4)N
11707110,CC1=C2C(=C(N(C1=O)C)NC3=C(C=C(C=C3)I)F)C(=O)N(C(=O)N2C4=CC=CC(=C4)NC(=O)C)C5CC5
11953817,C(/C=[N+](/O)\\[O-])C(=O)O
16197265,C1=CN(C(=O)N=C1N)C2C(C(C(O2)COP(=O)(O)O)OP(=O)(O)OCC3C(C(C(O3)N4C=CC(=NC4=O)N)O)OP(=O)(O)OCC5C(C(C(O5)N6C=CC(=NC6=O)N)O)OP(=O)(O)OCC7C(C(C(O7)N8C=CC(=NC8=O)N)O)OP(=O)(O)OCC9C(C(C(O9)N1C=CC(=NC1=O)N)O)OP(=O)(O)OCC1C(C(C(O1)N1C=CC(=NC1=O)N)O)OP(=O)(O)OCC1C(C(C(O1)N1C=CC(=NC1=O)N)O)OP(=O)(O)OCC1C(C(C(O1)N1C=CC(=NC1=O)N)O)OP(=O)(O)OCC1C(C(C(O1)N1C=CC(=NC1=O)N)O)OP(=O)(O)OCC1C(C(C(O1)N1C=CC(=NC1=O)N)O)OP(=O)(O)OCC1C(C(C(O1)N1C=CC(=NC1=O)N)O)OP(=O)(O)OCC1C(C(C(O1)N1C=CC(=NC1=O)N)O)OP(=O)(O)OCC1C(C(C(O1)N1C=CC(=O)
17754356,CC[C@H]1CCC[C@@H]([C@H](C(=O)C2=C[C@H]3[C@@H]4C[C@@H](C[C@H]4C=C[C@H]3[C@@H]2CC(=O)O1)O[C@H]5[C@@H]([C@@H]([C@H]([C@@H](O5)C)OC)OC)OC)C)O[C@H]6CC[C@@H]([C@H](O6)C)N(C)C.CC[C@H]1CCC[C@@H]([C@H](C(=O)C2=C[C@H]3[C@@H]4C[C@@H](C[C@H]4C(=C[C@H]3[C@@H]2CC(=O)O1)C)O[C@H]5[C@@H]([C@@H]([C@H]([C@@H](O5)C)OC)OC)OC)C)O[C@H]6CC[C@@H]([C@H](O6)C)N(C)C
21633059,CC(C)/C(=C/C(=O)O[C@@H]1C[C@@H]2[C@]3(CC[C@@H](CC3=CC[C@]2([C@@]4([C@]1([C@@](CC4)(C(=O)C)O)C)O)O)O)C)/C
23725625,C1CC1C(=O)N2CCN(CC2)C(=O)C3=C(C=CC(=C3)CC4=NNC(=O)C5=CC=CC=C54)F
24180719,CCCS(=O)(=O)NC1=C(C(=C(C=C1)F)C(=O)C2=CNC3=C2C=C(C=N3)Cl)F
24978538,CC1(CCC(=C(C1)CN2CCN(CC2)C3=CC=C(C=C3)C(=O)NS(=O)(=O)C4=CC(=C(C=C4)N[C@H](CCN5CCOCC5)CSC6=CC=CC=C6)S(=O)(=O)C(F)(F)F)C7=CC=C(C=C7)Cl)C
25183872,B([C@H](CC(C)C)NC(=O)CNC(=O)C1=C(C=CC(=C1)Cl)Cl)(O)O
25227436,C1CN(CCC1(C(=O)N[C@@H](CCO)C2=CC=C(C=C2)Cl)N)C3=NC=NC4=C3C=CN4
25262965,C[C@H]1COCCN1C2=NC(=NC3=C2C=CC(=N3)C4=CC(=C(C=C4)OC)CO)N5CCOC[C@@H]5C
42611257,CCCS(=O)(=O)NC1=C(C(=C(C=C1)F)C(=O)C2=CNC3=C2C=C(C=N3)C4=CC=C(C=C4)Cl)F
44631912,CN(C)C(=O)C1=CC2=CN=C(N=C2N1C3CCCC3)NC4=NC=C(C=C4)N5CCNCC5
45266826,CC1=CC=C(C=C1)C(=O)C(C)NC
46843772,CCOC1=C(C=CC(=C1)N2CCC(CC2)O)NC3=NC=C4C(=N3)N(C5=CC=CC=C5C(=O)N4C)C
54670067,C([C@@H]([C@@H]1C(=C(C(=O)O1)O)O)O)O
54671203,C[C@@H]1[C@H]2[C@@H]([C@H]3[C@@H](C(=O)C(=C([C@]3(C(=O)C2=C(C4=C1C=CC=C4O)O)O)O)C(=O)N)N(C)C)O
54675776,C[C@@]1([C@H]2C[C@H]3[C@@H](C(=O)C(=C([C@]3(C(=O)C2=C(C4=C1C=CC=C4O)O)O)O)C(=O)N)N(C)C)O
56649450,CC1=C(SC(=N1)NC(=O)N2CCC[C@H]2C(=O)N)C3=CC(=NC=C3)C(C)(C)C(F)(F)F
56842234,CC1=CN(C(=O)NC1=O)C2CC(C(O2)COP(=O)(O)OC3CC(OC3COP(=O)(O)OC4CC(OC4COP(=O)(O)OC5CC(OC5COP(=O)(O)OC6CC(OC6COP(=O)(O)OC7CC(OC7COP(=O)(O)OC8CC(OC8COP(=O)(O)OC9CC(OC9COP(=O)(O)OC1CC(OC1COP(=O)(O)OC1CC(OC1COP(=O)(O)OC1CC(OC1COP(=O)(O)OC1CC(OC1COP(=O)(O)OC1CC(OC1CO)N1C=NC2=C1N=C(NC2=O)N)N1C=NC2=C1N=C(NC2=O)N)N1C=C(C(=O)NC1=O)C)N1C=NC2=C1N=C(NC2=O)N)N1C=NC2=C1N=C(NC2=O)N)N1C=C(C(=O)NC1=O)C)N1C=NC2=C1N=C(NC2=O)N)N1C=NC2=C1N=C(NC2=O)N)N1C=C(C(=O)NC1=O)C)N1C=NC2=C1N=C(NC2=O)N)N1C=NC2=C1N=C(NC2=O)N)N1C=C(C(=O)NC1=O)C)O
91820602,CC1(C(=C)N(C2=CC=CC=C21)CCCCCC(=O)O)C.Br
135398735,C[C@H]1/C=C/C=C(\\C(=O)NC2=C(C(=C3C(=C2O)C(=C(C4=C3C(=O)[C@](O4)(O/C=C/[C@@H]([C@H]([C@H]([C@@H]([C@@H]([C@@H]([C@H]1O)C)O)C)OC(=O)C)C)OC)C)C)O)O)/C=N/N5CCN(CC5)C)/C
135403648,C1C(N(C2=C(N1)N=C(NC2=O)N)C=O)CNC3=CC=C(C=C3)C(=O)N[C@@H](CCC(=O)O)C(=O)O
135410875,C1=CC(=CC=C1CCC2=CNC3=C2C(=O)NC(=N3)N)C(=O)N[C@@H](CCC(=O)O)C(=O)O
